<?xml version="1.0" encoding="UTF-8"?>
<project-private xmlns="http://www.netbeans.org/ns/project-private/1">
    <editor-bookmarks xmlns="http://www.netbeans.org/ns/editor-bookmarks/2" lastBookmarkId="0"/>
    <open-files xmlns="http://www.netbeans.org/ns/projectui-open-files/2">
        <group>
            <file>file:/H:/Semester%201/DreamHome%20v4/src/dreamhome/Mortgage.java</file>
            <file>file:/H:/Semester%201/DreamHome%20v4/src/dreamhome/DreamHome.java</file>
            <file>file:/H:/Semester%201/DreamHome%20v4/src/dreamhome/DreamHomeGUI.java</file>
        </group>
    </open-files>
</project-private>
